{
  "timeZone": "Asia/Yekaterinburg",
  "dependencies": {
    "enabledAdvancedServices": [
      {
        "userSymbol": "Drive",
        "version": "v2",
        "serviceId": "drive"
      }
    ]
  },
  "exceptionLogging": "STACKDRIVER",
  "runtimeVersion": "V8",
  "oauthScopes": [
    "https://www.googleapis.com/auth/spreadsheets",
    "https://www.googleapis.com/auth/drive",
    "https://www.googleapis.com/auth/drive.file",
    "https://www.googleapis.com/auth/drive.readonly",
    "https://www.googleapis.com/auth/script.container.ui",
    "https://www.googleapis.com/auth/userinfo.email",
    "https://www.googleapis.com/auth/script.external_request",
    "https://www.googleapis.com/auth/script.scriptapp",
    "https://www.googleapis.com/auth/documents"
  ],
  "webapp": {
    "executeAs": "USER_ACCESSING",
    "access": "ANYONE"
  }
}